date,asset,asset_type,decision,confidence,price
2026-09-29 19:02,AAPL,Stock,SELL,25,330.77
2026-09-29 19:02,MSFT,Stock,BUY,12,510.82
2026-09-29 19:02,NVDA,Stock,BUY,23,228.42
2026-09-29 19:02,AMZN,Stock,SELL,10,248.72
2026-09-29 19:02,GOOGL,Stock,BUY,16,341.04
2026-09-29 19:02,GOOG,Stock,BUY,16,337.86
2026-09-29 19:02,TSLA,Stock,BUY,7,354.21
2026-09-29 19:02,META,Stock,BUY,24,733.73
2026-09-29 19:02,ADBE,Stock,SELL,13,231.42
2026-09-29 19:02,AMD,Stock,BUY,37,609.53
2026-09-29 19:02,INTC,Stock,BUY,33,116.23
2026-09-29 19:02,CSCO,Stock,SELL,30,106.97
2026-09-29 19:02,QCOM,Stock,BUY,30,184.35
2026-09-29 19:02,CRM,Stock,BUY,13,225.15
2026-09-29 19:02,AVGO,Stock,BUY,11,356.37
2026-09-29 19:02,ORCL,Stock,SELL,39,138.07
2026-09-29 19:02,IBM,Stock,SELL,18,221.05
2026-09-29 19:02,TXN,Stock,BUY,20,281.92
2026-09-29 19:02,AMGN,Stock,BUY,33,421.18
2026-09-29 19:02,HON,Stock,SELL,10,210.14
2026-09-29 19:02,PEP,Stock,SELL,29,128.32
2026-09-29 19:02,KO,Stock,BUY,18,86.84
2026-09-29 19:02,MCD,Stock,SELL,35,234.44
2026-09-29 19:02,WMT,Stock,BUY,12,106.54
2026-09-29 19:02,CAT,Stock,BUY,17,825.8
2026-09-29 19:02,JNJ,Stock,SELL,15,266.79
2026-09-29 19:02,V,Stock,HOLD,0,367.41
2026-09-29 19:02,HD,Stock,SELL,36,289.44
2026-09-29 19:02,BAC,Stock,SELL,25,55.06
2026-09-29 19:02,JPM,Stock,SELL,25,335.45
2026-09-29 19:02,UNH,Stock,SELL,16,372.53
2026-09-29 19:02,CVX,Stock,BUY,14,203.48
2026-09-29 19:02,XOM,Stock,SELL,14,160.87
2026-09-29 19:02,NFLX,Stock,SELL,28,70.46
2026-09-29 19:02,LMT,Stock,SELL,16,511.61
2026-09-29 19:02,BLK,Stock,BUY,16,1071.77
2026-09-29 19:02,SPGI,Stock,SELL,15,390.68
2026-09-29 19:02,MS,Stock,SELL,42,193.06
2026-09-29 19:02,RTX,Stock,SELL,33,187.23
2026-09-29 19:02,SPY,ETF,BUY,28,764.8
2026-09-29 19:02,VOO,ETF,BUY,28,702.99
2026-09-29 19:02,IVV,ETF,BUY,28,768.14
2026-09-29 19:02,VTI,ETF,BUY,14,375.4
2026-09-29 19:02,QQQ,ETF,BUY,35,738.61
2026-09-29 19:02,VUG,ETF,BUY,27,90.1
2026-09-29 19:02,VEA,ETF,SELL,12,71.12
2026-09-29 19:02,VTV,ETF,SELL,25,217.66
2026-09-29 19:02,IEFA,ETF,SELL,25,97.4
2026-09-29 19:02,AGG,ETF,SELL,32,94.55
2026-09-29 19:02,IEMG,ETF,BUY,13,81.86
2026-09-29 19:02,IJH,ETF,SELL,25,72.12
2026-09-29 19:02,IJR,ETF,SELL,35,136.65
2026-09-29 19:02,VIG,ETF,SELL,30,235.09
2026-09-29 19:02,VYM,ETF,SELL,33,156.38
2026-09-29 19:02,SCHD,ETF,SELL,25,32.81
2026-09-29 19:02,XLK,ETF,BUY,33,194.72
2026-09-29 19:02,VT,ETF,BUY,16,158.46
2026-09-29 19:02,ACWI,ETF,BUY,16,159.46
