asset,type,quantity,average_price,current_price,invested_value,current_value,profit,return_pct
AAPL,Stock,5.72,322.76,337.0,1846.19,1927.64,81.45,4.41
AMD,Stock,1.06,516.67,545.09,547.67,577.8,30.13,5.5
QCOM,Stock,0.18,186.48,188.71,33.57,33.97,0.4,1.2
CRM,Stock,2.2,254.05,242.85,558.91,534.27,-24.64,-4.41
AMGN,Stock,2.13,387.61,379.78,825.61,808.93,-16.68,-2.02
BAC,Stock,3.64,58.64,58.18,213.45,211.78,-1.67,-0.78
CVX,Stock,23.4,201.53,211.57,4715.8,4950.74,234.94,4.98
BLK,Stock,0.22,1072.26,1053.96,235.9,231.87,-4.03,-1.71
SCHD,ETF,3.0,34.12,33.89,102.36,101.67,-0.69,-0.67
